predicted,actual,deliveries,model
0.0360620293248729,0.03929539295392954,2952,logistic
0.14771204856154685,0.156312625250501,1497,logistic
0.24860579333332355,0.29852045256744997,1149,logistic
0.3509523707327661,0.4281437125748503,1002,logistic
0.45034249998698883,0.5979292493528904,1159,logistic
0.5475687419691002,0.6476540938362465,1087,logistic
0.6494375122121646,0.7636986301369864,1168,logistic
0.7504820840675025,0.8234250221827861,1127,logistic
0.852100859059611,0.9207474226804123,1552,logistic
0.9585739873572108,0.9733002173238124,3221,logistic
0.05500623969699559,0.025015253203172667,3278,lightgbm
0.14400108521407246,0.318334131163236,2089,lightgbm
0.24740091663245373,0.392570281124498,996,lightgbm
0.3533897478471146,0.44727272727272727,1100,lightgbm
0.4472045227466103,0.6129647283126788,1049,lightgbm
0.5502488758111803,0.7738775510204081,1225,lightgbm
0.6505240539447384,0.8218210361067504,1274,lightgbm
0.7531595227703252,0.8923664122137405,1310,lightgbm
0.851431081050266,0.9706621961441744,1193,lightgbm
0.9594613041093664,0.9616666666666667,2400,lightgbm
0.03927546945207784,0.03254847645429363,2888,mlp
0.14608119811151987,0.1507472384665367,1539,mlp
0.2474801090194063,0.2824909747292419,1108,mlp
0.352889597435641,0.41158059467918623,1278,mlp
0.44930872045337705,0.5645295587010825,1201,mlp
0.5503391882715474,0.7157894736842105,1140,mlp
0.6481054947679166,0.8135755258126195,1046,mlp
0.7515564729846812,0.883206106870229,1310,mlp
0.8554085994342002,0.9515091538842158,2021,mlp
0.9384544466419655,0.970625262274444,2383,mlp
